id,name,city
1,Myranda Cleaves,Haugesund
2,Seline Sealey,Shashemenē
3,Zacharias Keely,Tsyurupyns’k
4,Teressa Griniov,Moyo
5,Bobbette Risen,Xiangshan
6,Lance Litzmann,Hoeyang
7,Cacilia Learoid,Cẩm Phả
8,Carey Di Roberto,Shanhou
9,Vincents Lailey,Thị Trấn Văn Quan
10,Dael Wildman,Yuannan
11,Bettine Petersen,Uthai Thani
12,Allianora Seczyk,Midland
13,Vassily Leak,Dieppe
14,Kennett Circuitt,Sankwia
15,Curcio Sexton,Mahébourg
16,Wandie Corran,Laiya
17,Annetta McAster,Peterhof
18,Morten Lambregts,Olavarría
19,Clarisse Scamwell,Chlewiska
20,Ella Clee,Balitai
21,Codie Creegan,Nieuw Nickerie
22,Farrel Boyall,Salavan
23,Ilka Halls,Musawa
24,Vincent Edinburgh,Czarna Woda
25,Isaac Kaley,Watunggong
26,Staci Devine,Languan
27,Bird Dy,Quinta
28,Aura Awty,Sakai
29,Katya Bettles,São Francisco do Sul
30,Goran Inkpin,Jhingergācha
31,Darsie Markushkin,Łąka Prudnicka
32,Karia Gumb,Kuala Terengganu
33,Earvin Dominicacci,Kalapagada
34,Salim Tooby,Cungkal
35,Kikelia Willmore,Hà Tiên
36,Walton Jellico,Victoria
37,Tedie Demkowicz,Gradec
38,Elli Mc Curlye,Châteauroux
39,Heddie Doggrell,Morrito
40,Eleni Millmore,Portel
41,Euell Hodgon,Tiwi
42,Janice Sacchetti,Būrewāla
43,Lou Peizer,Voi
44,Filippo Blaxall,Devesa
45,Selena Rose,Medang
46,Jessie Matyasik,Kaliuling
47,Maridel Eschalette,Panineungan
48,Juliette Garroway,Nangen
49,Zachery Annets,Evinayong
50,Justino Bleazard,Byuravan
51,Bran Budding,Kafr Şūr
52,Arlyne Stock,Fort Beaufort
53,Nancee Bahia,Isyangulovo
54,Aldus Fallanche,Ferreiras
55,Brina Pattie,Martigues
56,Dermot Fownes,Carreira
57,Rusty Crankhorn,Narutō
58,Jim Foat,San Diego
59,Helyn Kibbel,Sumbersarikrajan
60,Bennett Simo,Arys
61,Onfre Drees,Bobrowice
62,Mira Bru,Bayt Yāshūţ
63,Theodore Shills,Shuangquan
64,Brennen Stuckes,Kladi
65,Leopold Sargint,Tawen Aobao
66,Curran Theodore,Iraray
67,Deeann Langhor,Peimei
68,Arney Cough,El Limón
69,Ingunna Burborough,Lodoyo
70,Horten Perrin,Mayapusi
71,Packston Venour,Chacarita
72,Anatol Dies,Don Chedi
73,Ursula Opfer,Caoxi
74,Wood Ivashnyov,Qiligang
75,Melvyn Goult,Namie
76,Clary Gumb,Stepove
77,Ulrich Dunnico,Zhongzhai
78,Tito Fairrie,Nyandoma
79,Ahmed Fernant,Yurkivka
80,Veda Fassan,Sarrazola
81,Gwenora Mattam,Vila Ribeiro
82,Demetri Chaffey,Karangtanjung
83,Hillary Possa,Lukovica pri Domžalah
84,Mauricio Giraudel,Đoan Hùng
85,Xenia Gainsborough,Silago
86,Alys Lindenfeld,Tân Sơn
87,Arlina Finessy,Tokombere
88,Rosetta Bedham,Holoubkov
89,Hetty Lovitt,Petrovsk
90,Guglielmo Stainton,Bayshint
91,Brandise Thoresbie,Téra
92,Ilaire Flewin,Chocos
93,Will Van Salzberger,Solotcha
94,Penelope Biesty,Marmande
95,Juliet McGruar,Rungis
96,Darice Danilowicz,Vysočany
97,Rowney Wynne,Le Grand-Quevilly
98,Luisa Peakman,Smithers
99,Linell Fricke,Ribeirão
100,Mia Pycock,Orléans
101,Winthrop Nuss,Jacksonville
102,Abigale Jacson,Gurbuki
103,Angelica Thick,Plavy
104,Brunhilda Troubridge,Zhuyeping
105,Alyssa Knightley,Cikendi
106,Carmina Stuck,Huaguo
107,Cristi Dibling,Broniszewice
108,Swen Eddisforth,Pamupukan
109,Bennie Croose,Veguitas
110,Gabriela Spofforth,Villa Santa Rita
111,Mack Clavering,Kuantan
112,Kelcey Garrold,Podgórzyn
113,Port Landrick,Camajuaní
114,Melonie Emanulsson,Hannover
115,Codee Hooks,Portela
116,Joeann Brownlow,Nytva
117,Burlie Byass,Saubara
118,Ely Pudden,Huanggang
119,Greer Perrygo,Horta
120,Donaugh Letteresse,Haikoudajie
121,Vivianne Nolton,Cibodas
122,Maria MacCallion,Camperdown
123,Netti Perigoe,Formosa do Rio Preto
124,Spencer Kennerknecht,Talitsy
125,Eleen Jennings,Michurinskoye
126,Herbie Gladwell,Jiamaogong
127,Josefina Breslau,Tushi
128,Karolina Bottinelli,El Porvenir
129,Bethina Pipes,Santa Maria da Vitória
130,Bonnibelle Aldridge,Kalebun
131,Craggie Kirkam,Ganggawang
132,Reena Renon,São Domingos
133,Udall Thomsen,Casal da Anja
134,Seth Sancroft,Mayanhe
135,Orazio Dennes,Parakanbeusi
136,Jonis Dwire,Daijiaba
137,Nefen McIlwain,Magatos
138,Leyla Blackey,Bolkhov
139,Rainer Mangenet,Besançon
140,Red O' Reagan,Al Mashāf
141,Clerissa Steere,Sölvesborg
142,Paxton Paolucci,Diónysos
143,Manon Stannion,Chengtian
144,Dorothee Maddaford,‘Anjarah
145,Christos Budgett,Pabean
146,Reta Stanning,Grazhdanka
147,Darby Bartoshevich,Youngstown
148,Cassandra Millwater,Kamyshevka Vtoraya
149,Joete Plewman,Gizel’
150,Ericka Oxenford,Tanjung Pandan
151,Mavra Hellewell,San Pedro One
152,Bernadina Tinham,Niš
153,Thaxter Rogier,Xietang
154,Aili Cabane,Gonzalo Pizarro
155,Davine Duckham,Baitouli
156,Haskell Brandi,Sungai Iyu
157,Audie Wehnerr,Jilili
158,Oby Blackler,Vellinge
159,Virgina Geldart,Tebluru
160,Ibbie Kleinhaut,Ekibastuz
161,Adlai Leband,Furukawa
162,Lillian Kmiec,Schaan
163,Arvy Causon,Xiaoruo
164,Silva Foulstone,Figueiras
165,Jephthah Domeny,Cimo de Vila
166,Adolphus Rollin,Banda Layung
167,May Reilinger,Sundawenang
168,Willi Dudny,Treinta y Tres
169,Rayshell Malkie,Липково
170,Sydel Clac,Dolno Palčište
171,Mil Cardon,Sacramento
172,Elie Beale,Ribeira das Taínhas
173,Ermentrude Mengue,Kota Kinabalu
174,Angelle MacCook,Јегуновце
175,Carmella Puleque,Calamba
176,Ralf Winfred,Itaperuna
177,Oralie Simpole,Gavea
178,Eugine Mellows,Grytviken
179,Paxton Bendell,Xiqi
180,Putnem Carding,Bailang
181,Geoffrey Gibard,Ricardo Flores Magon
182,Erek Ryland,Muye
183,Martino Ibanez,Iiyama
184,Eada Waltho,Sawoi
185,Sloan Trippick,Smolenka
186,Cornelle Sothern,Ise
187,Philippine Raylton,Himanka
188,Ardra Bunford,Fasi
189,Jermaine Mold,Charleville-Mézières
190,Chlo Thorogood,Mossel Bay
191,Andree Hemphall,Wangdian
192,Emmye Epple,Takasaki
193,Idell Wilbud,Qiaoshi
194,Theressa Cartmill,Santa Rosa
195,Arlen Croome,Suḩayl Shibām
196,Corene Inchboard,Tumu
197,Archie Parradine,Fasito‘outa
198,Fredia Corps,Kharlu
199,Galen Blackway,Mosteiro
200,Ynes Oldall,Bristol
201,Karlis Varvell,Cerro Blanco
202,Lynnell Vern,Biritiba Mirim
203,Serge Tedman,Nobo
204,Madison Ormiston,Saint-Denis
205,Durand Di Frisco,Vallecillo
206,Aleece Doerr,Wonorejo
207,Heather Tuckie,Shar’ya
208,Kirby Fleming,Zuya
209,Jolee Fletcher,Nyūzen
210,Beau Nicklen,Cleveland
211,Karlen Gotfrey,Futaleufú
212,Kalvin Fairfull,San Roque
213,Inesita Wear,Belfast
214,Tonya Sprouls,Haeju
215,Harriot Cawthron,Vale da Pedra
216,Daloris Haggerstone,Al Fuwayliq
217,Brigida Kacheller,Pulau Pinang
218,Bunnie Chartre,Qagan Obo
219,Bat Lakeman,Jurovski Dol
220,Giffie Attard,Toulouse
221,Jacqueline Cock,Libog
222,Zorah Arnely,Tanggulangin
223,Lynde Stollberger,Gemo
224,Darrin Ricart,Huangzhu
225,Patsy Kennon,Castro Daire
226,Dasha Lax,Santa Cruz
227,Beverlee Simmers,Timbulsari
228,Tonie Philpots,Whitchurch
229,Prue Costy,Yanglin
230,Jacky Folshom,La Oroya
231,Dalis O'Henecan,Mogok
232,Gunilla Ciciura,Zamość
233,Loni Fidgeon,Radvanice
234,Jana Tripney,Uripa
235,Doyle Kimbley,Cumadcad
236,Stewart Hanwell,Bayt ‘Īnūn
237,Hildegaard Kepling,Umanggudang
238,Aldous Eadmead,Guayabal de Síquima
239,Lynelle Confort,Riebiņi
240,Nappie Farrall,Bolesławiec
241,Uri Barbara,Chekmagush
242,Yasmeen Firmager,Linxi
243,Charil Letts,Shayuan
244,Brandy Wisdom,Laascaanood
245,Consolata Sikorsky,Jardinópolis
246,Rice Duffett,Cikuya
247,Di Empson,Akita
248,Colette Milsap,Kalmar
249,Adina Kettel,Plesná
250,Wenda Hitschke,Tasikmalaya
251,Susi Tanton,Izvestkovyy
252,Stephani Stearns,Nalsian Norte
253,Clemence Clout,Baima
254,Joycelin Adnams,Hoolt
255,Zonda Critchell,Santa Ana
256,Temp MacGorley,Soroti
257,Dela Charlewood,Alejo Ledesma
258,Nalani Rabidge,Kafir Yasif
259,Lauraine Stedmond,Zongzhai
260,Edgardo Ginglell,Skien
261,Corinna Zack,Podstepki
262,Stacia L'Hommeau,Cachoeiro de Itapemirim
263,Nikolaus Faers,Pamotan
264,Lonee Bollom,Shitan
265,Trenton Dillingstone,Zhavoronki
266,Damian Marwick,Romny
267,Harry Sprakes,Hat Yai
268,Janek Tabor,Jiangzhou
269,Floris Reichardt,Nizhnepavlovka
270,Terese Djorevic,Wujing
271,Krisha Gildea,Contraalmirante Cordero
272,Sharl Knok,Villa Alemana
273,Hope Gaunson,Machala
274,Suzie Boylin,Paratunka
275,Ives Potkins,Lebowakgomo
276,Matthaeus Springtorp,Dobrljin
277,Corella Wrigley,Tawau
278,Donovan Pollicatt,Souflí
279,Nanine Barrott,Puerto Tejada
280,Kirstin Etteridge,Parakou
281,Lauree Graith,Ağdam
282,Miguela Hulburd,Värmdö
283,Torin Waison,Sete Lagoas
284,Joycelin Haestier,Kīevka
285,Ema Schrei,Gaozhai
286,Arny Cressy,Girey
287,Frazier Slipper,Nantang
288,Ruperto Hogsden,Guantouzui
289,Korie Juster,Priupskiy
290,Dorelle Oolahan,Saint Petersburg
291,Elyn Rodden,Mianay
292,Rickert Saville,Raoshi
293,Frederique Caulcott,Türkmenabat
294,Maggee Hunnam,Sabang
295,Mechelle Cavee,San Bernardino
296,Tonia Moultrie,Sơn Trà
297,Kizzee Twidle,Niny
298,Sam McClure,Pomabamba
299,Murry Leckenby,La Floresta
300,Reade MacCollom,Maubin
301,Haleigh Amdohr,Progreso
302,Rafael Proschek,Vårgårda
303,Jeremias Saggs,Wu’erqihan
304,Shermie Dibner,Stockholm
305,Kizzee Grose,Rangpur
306,Valli Haitlie,Minusinsk
307,Avram MacFadzean,Solna
308,Letizia Cleeve,Hägersten
309,Ariel Bjorkan,Töreboda
310,Allen Krochmann,Al Abyār
311,Anna-diane Silverston,Talin Hiag
312,Jamil Hurlestone,Ciguna
313,Kevan Hirthe,Dipayal
314,Tades Renton,Kobayashi
315,Charla Rablan,Shaochang
316,Nikolaos Pantin,Den Haag
317,Hogan Peacop,Ar Rahad
318,Hi Blyden,Kemijärvi
319,Avery Tow,Comodoro Rivadavia
320,Aloisia Spurgin,Lohayong
321,Hyman Howie,São Martinho do Campo
322,Emeline Wastie,Shibushi
323,Natka Flegg,Non Sung
324,Rafael Antunez,Balangkayan
325,Ebba Commings,Gotovlje
326,Darwin Rubbert,Kezileboyi
327,Zolly Vanelli,Chinhoyi
328,Tamiko Blader,Chervone
329,Kerry Seago,Montauban
330,Merill Ankers,Balucawi
331,Wiley Khilkov,Newport News
332,Leta Huston,Shifo
333,Tome Dallosso,Aqtaū
334,Donall Allston,Allen
335,Alyson Riggs,Praia das Maçãs
336,Karee Terbrugge,Bantogon
337,Brandais Bramall,Atengmelang
338,Sutherlan Hammarberg,Waepau
339,Olivia Glasper,Virginia
340,Lynda Frammingham,Lipiany
341,Garnette Kellard,Hartford
342,Rora Langwade,Didian
343,Shelby Bradnock,Nanterre
344,Tymothy Merton,Berendeyevo
345,Rustie Pinder,Munkedal
346,Lolly O'Dowling,Santo Tomás
347,Artemus Ranger,Norrköping
348,Andrea Valenta,Hitura
349,Morissa Gothrup,Izra‘
350,Jaquelin Willmett,Évreux
351,Jerald Ewers,Sydney
352,Tierney Polleye,Airdrie
353,Cordey Swetland,Guali
354,Jeanette Frie,Youwarou
355,Harwilll Fosten,Bronnitsy
356,Quint Rodda,Puerto Tejada
357,Des Sauven,Pointe-à-Pitre
358,Ahmed Couldwell,Dois Portos
359,Teddie Poppleton,Kajiado
360,Marijo Balk,Des Moines
361,Gordon Cordingly,Bauchi
362,Avis O'Crowley,Busilak
363,Bartlett Major,Patquía
364,Eryn Guare,Sokolo
365,Aleece Izakoff,Shahe
366,Lanny Whenham,Werasari
367,Riobard Waples,Andarapa
368,Juana Trehearn,Despotovac
369,Georas Plumridge,Staré Město
370,Hewe Lapwood,Yongjiang
371,Siobhan Skehan,Nevinnomyssk
372,Gerrard Reyne,Kuala Lumpur
373,Priscilla Crockford,Reims
374,Alejandro Gready,Dampit Satu
375,Rose Curless,Asikkala
376,Bobby Ffrench,Buy
377,Onofredo Clingoe,Newport News
378,Annis Clampin,Ajax
379,Saunderson Bountiff,Uglyanets
380,Harmony Rebillard,Mahdalynivka
381,Licha Swaddle,Balaoang
382,Mabelle Latan,Zürich
383,Otis Kuhn,Aytos
384,Happy Scruton,Camocim
385,Karalee Fretter,Somdet
386,Aggi Fayne,Caracol
387,Alicea Cavell,Marilao
388,Rickey Gonnet,Shuangpu
389,Aylmer Adamowitz,Malangwa
390,Maybelle Darrow,Dahuaishu
391,Philip Redmond,Cipanggung
392,Wes Eidelman,Milot
393,Mendy Jedrychowski,Khurriānwāla
394,Percy De Giorgio,Zhengmo
395,Deloria Waterdrinker,Reykjanesbær
396,Cam Kunes,Xiaoruo
397,Verney Filasov,Benešov nad Ploučnicí
398,Carver Osant,Koshigaya
399,Ibby Ollcott,Staropyshminsk
400,Gussie MacCague,Puerto Iguazú
401,Jenilee Langer,Stamboliyski
402,Katti Gollop,Qiaotou
403,Mathias Daton,Agana Heights Village
404,Thedrick Burnard,Balong Wetan
405,Marian Hamon,Jinhu
406,Reina Laddle,Rueil-Malmaison
407,Niki Brannon,Bordeaux
408,Gavrielle Patria,Stari Bohorodchany
409,Marris Leveret,La Jutosa
410,Peirce Eacle,Hetian
411,Merry Dienes,Narganá
412,Tobie Milsap,Obiaruku Quarters
413,Leandra Egre,Tulle
414,Derwin Rzehorz,Châlons-en-Champagne
415,Cecilio Gainfort,Lyubim
416,Opalina Ranvoise,Saint-Maixent-l'École
417,Ario Espinho,Gamping Lor
418,Johnnie Clapp,Bato
419,Lindi Staries,Butiá
420,Larry Schimek,Beringovskiy
421,Jorie Vaskov,Phitsanulok
422,Isis Ethridge,Phu Kradueng
423,Jethro Boddam,Laguna Limpia
424,Christye Lonnon,Del Valle
425,Helge Rodear,Loma Bonita
426,Candi Muck,Xuedian
427,Leanor Adanet,Hongjia
428,Brit Gawthrope,Stockholm
429,Merrick Dene,Menzel Jemil
430,Andras Sumption,Purwosari
431,Deonne Cicchinelli,Huangxikou
432,Sheelah Keyme,Vila Velha
433,Breena Forst,Ninghai
434,Pamela O'Shiel,Sainte-Thérèse
435,Leigh Seakin,Changwon
436,Rhodie Barneveld,Bobadela
437,Guthrie Alexandersen,Qiawan
438,Cori Luigi,Rongdoi
439,Dayle Ovill,Banjar Asahduren
440,Rhiamon Bellany,Vokhaïkó
441,Jemmie Cocklie,Cleveland
442,Rani Arnhold,Ijuw
443,Orton Corradeschi,Parque Industrial
444,Rob Meckiff,Arras
445,Jemmie Chaloner,Sacramento
446,Vidovic Scholfield,El Copé
447,Bernardine Prosser,Krasnotur’insk
448,Stanislaus Summerhayes,Lufang
449,Beaufort Levesque,Hüremt
450,Leann Clayal,San Pablo
451,Faustine Poker,Yessentuki
452,Ximenez Fockes,Sekirnik
453,Perkin Greenwood,Kněžpole
454,Cara Reddell,Taza
455,Nertie Pinkard,Mufumbwe
456,Kane Crossland,Bichura
457,Janessa Maguire,Arpajon
458,Zach Aleksidze,Baie-Comeau
459,Dillon Assel,Lidingö
460,Berte Cadwaladr,Hưng Yên
461,Graig Dowker,Tomteboda
462,Rickert Mossman,Fengqiao
463,Elizabet Quilkin,Artjärvi
464,Glenine Barnfather,Koroška Bela
465,Trixie Layzell,Severo-Zadonsk
466,Ronnie Joice,Belize City
467,Humfrey Crowthe,Tarlac City
468,Starla Zorer,Malax
469,Pat Windibank,Ang Thong
470,Reinhold McKeran,Pavlovsk
471,Pavlov Whimpenny,Anyar
472,Willabella Nicolls,Dapchi
473,Xymenes Hedworth,Krikil
474,Enrika Emmet,Strasbourg
475,Ula Cleary,Baishuiyang
476,Nance Sigars,Strelka
477,Mireielle Grolle,Kericho
478,Faythe Di Bernardo,Mabuttal East
479,Mel Mathet,Dakhla
480,Elwyn Checo,Gurgurnica
481,Cully Pamphilon,Glinka
482,Shana Stegel,Resende
483,Adeline Hackworthy,Ningyuan
484,Gloriane Causey,El Paso
485,Mycah Azemar,Ciulu
486,Lambert Louch,Pyinmana
487,Shanan Roust,La Guacamaya
488,Elisabetta Probbings,Poykovskiy
489,Yovonnda Skillman,Pevek
490,Gran Leopard,Perfilovo
491,Giusto Tambling,Kraków
492,Lucio Rowthorne,Agustín Codazzi
493,Pamela Moughton,Pancol
494,Dorolice Leale,San Lorenzo
495,Carlin Kirimaa,Umpak
496,Chelsy Birt,Mokil
497,Agatha Dorie,Xumai
498,Hedvig Harwick,Qingminghe
499,Mattie Cristofolo,Nailong
500,Marielle Fabry,Kurjan
501,Shayna Camerati,Kỳ Anh
502,Bronny Grisbrook,Montauban
503,Denny Rosenberger,Dongqinggou
504,Mikkel Wynrehame,Caoping
505,Ediva Crocker,Pirajuí
506,Clementius Girard,Gouménissa
507,Trstram Bohlsen,Maloco
508,Bret Greenig,Curry
509,Jeremias O'Mahoney,Lawa-an
510,Jerrilyn Cotter,Mustvee
511,Elbertina Bridgett,Kasimov
512,Stanislaus Wild,Ōzu
513,Kyrstin Hawkridge,Dasheng
514,Casandra Tesmond,Cabarroguis
515,Tamara Burberye,Oesena
516,Jewelle D'eathe,Kelungkung
517,Benny Fulkes,Cipolletti
518,Will Lambrecht,Tantamayo
519,Cynthia Iveans,Abomey
520,Curran Kentwell,Hailin
521,Christoforo Harly,Vrangel’
522,Hallsy Storcke,Aiguo
523,Timi Suthworth,Terek
524,Guglielmo Puckett,Pantang
525,Vyky Garvin,Kari
526,Frannie Bresnen,Ārt Khwājah
527,Doretta Verny,Baidoa
528,Catherina Brabbs,Seren Barat
529,Bili Baudinot,Betafo
530,Morris Malkinson,Serere
531,Clarisse Aves,Cachimayo
532,Riva Lavell,Kostomuksha
533,Roberta Long,Orerokpe
534,Hildegaard Cohalan,Ar Rumaythah
535,Vere Gibbeson,Shanling
536,Cody Dearlove,Napak
537,Melanie McRinn,Kawangohari
538,Fax Gedling,Minien East
539,Geri Cundey,Huayuan
540,Sergeant Ollander,Sherwood Park
541,Leigh Jon,Tebluru
542,Anallise Tanby,Cabudare
543,Benito MacMickan,Yitang
544,Hewet Cantopher,Leloboko
545,Elisabeth Palethorpe,Balinad
546,Arch Jacquest,Bankeryd
547,Baily Stainton,Lubbock
548,Sollie Noquet,Humniska
549,Gale Volante,Zhaowanzhuang
550,Benny Gilphillan,Yong’an
551,Janel Criag,Cangshan
552,Darill Somers,Ubud
553,Cymbre Spary,Pesochnoye
554,Roscoe Foyle,Senggreng
555,Artus Tames,Đạ Tẻh
556,Leshia Nairn,Tejen
557,Darby Morilla,Sishan
558,Mathilde Smissen,Loyola
559,Krishnah De Dantesie,Jieshan
560,Melanie Peckett,Dayong
561,Nichole Guerrin,Grytviken
562,Hector Thumim,Alqueidão
563,Hi Ridings,Gataivai
564,Meghann Butfield,Moravská Nová Ves
565,Zelig Birkin,Tsukawaki
566,Shell Bollam,Dzüünbulag
567,Lorettalorna Catlette,Osekovo
568,Tarra Oakeshott,Lens
569,Sigismond Snookes,Sishui
570,Judie Corre,Lyalichi
571,Piper Malim,Kinzan
572,Daniele Ferryman,Nawá
573,Pebrook Heaysman,Czarnocin
574,Mei Hapgood,Przelewice
575,Alaric Catley,Orocuina
576,Hana Sellick,Paris 01
577,Darill Cahillane,Serra
578,Fidole Tofts,Stocksund
579,Agustin Yude,Kariat Arkmane
580,Klemens Hughf,Gurra e Vogël
581,Katina Behne,Notodden
582,Patricia Capener,Sakai
583,Chev Inglese,Prochowice
584,Rodolph Ellington,Fraile Pintado
585,Raquel Ducker,Nackawic
586,Gayler Brownsword,Lyudinovo
587,Doretta Gannaway,Boto
588,Tades Boxall,Ampahana
589,Doe Ovitts,Quimper
590,Lynde Keavy,Aksu
591,Giorgi Mueller,Sanzhang
592,Corri Luno,Gondifelos
593,Mignonne Perello,Macia
594,Sylvia Schaffel,Kouloúra
595,Titos Vreiberg,Yangce
596,Vikky Scocroft,Cruz
597,Sawyer Tofpik,Mabugang
598,Rowland Evemy,Gunung
599,Durant McKelvey,Jāwā
600,Xaviera Osichev,Tuguanpu
601,Marylin Shaefer,Galatás
602,Jake Darco,Hexi
603,Chadd Denyagin,Cueto
604,Court Kibbye,Junín
605,Jayme Josling,Vysotsk
606,Jacki Beagley,Comagascas
607,Lancelot Skullet,Kyzyl-Kyya
608,Catherina Bootell,Apitong
609,Nathanael Egell,Grujugan
610,Torrie Gordon-Giles,Pentaplátano
611,Morris Sommerton,Dongling
612,Hyatt Worstall,Jilma
613,Braden Olrenshaw,Wilkes Barre
614,Tedda Bakeup,Rybinsk
615,Leontine Janosevic,Boucinhas
616,Benedetto Foster,Wentai
617,Townsend Cruickshanks,Kapatagan
618,Brandtr Brisker,Sagaing
619,Wolfie Cheeseman,Ning’an
620,Kristian Lafont,Hayes
621,Aldrich Malby,Ryczów
622,Marice Denyagin,Phong Điền
623,Lorene Milton-White,São Miguel de Machede
624,Pauli Mc Elory,Hamburg Harvestehude
625,Roselin Raymen,Zbrosławice
626,Tania Ecclesall,Camatindi
627,Killie Bruins,Jingyang
628,Woody Rakes,Motomiya
629,Ronnie Azema,Pittsburgh
630,Horatio Hollow,Pakxong
631,Conroy Crome,Rydułtowy
632,Davie Windrus,Pubu
633,Barbaraanne Heake,Trudovoye
634,Enrico Wyrall,Poniatowa
635,Rubin Rae,Banes
636,Jermain Shippey,Kurnia
637,Robinia Cosford,Bibis
638,Cirilo Sinfield,Qa‘ţabah
639,Reiko Hassewell,Haimen
640,Fritz Brient,Stupari
641,Rhodia O'Luby,Chaowai
642,Antin Perutto,Tanahmerah
643,Asa Lago,Dharān Bāzār
644,Clarisse Kubiczek,Citampian
645,Alyosha Driffield,Cheongpyeong
646,Vail Petegrew,Jeremi
647,Nelie Gidman,Bopu
648,Charyl Pithie,Kuncen
649,Ikey Cordoba,Xinji
650,Boote Milliken,Mỹ Thọ
651,Elbertina Salasar,Fuwayriţ
652,Tome Lampett,Liandu
653,Merell Esposito,Psychikó
654,Seth MacIlhagga,Tukhlya
655,Bruno Saunderson,Tireman Timur
656,Fayre Warrack,Pasadena
657,Gabi Hobden,Tādif
658,Georgette Sink,Dongbian
659,Loralie McCrackan,Néa Mákri
660,Dev Rasher,Ribeira Grande
661,Wally Dightham,Lahad Datu
662,Margalo Urlin,Solna
663,Elizabet Spaldin,Funchalinho
664,Chadwick Brozek,Solna
665,Sasha Eunson,Yuhe
666,Oren Reedshaw,Solna
667,Renell Bartolomeoni,Maao
668,Keene Heales,Luhačovice
669,Deny Mobbs,Vimieiro
670,Robenia Reddington,Calaba
671,Adamo Oliva,Vila Franca de Xira
672,Giffard Slinger,Santa Cruz do Sul
673,Del Brecknell,Dalonghua
674,Merle Vanderplas,Kamennyye Potoki
675,Leslie Polendine,Bektemir
676,Sheff Garroway,Labuhansumbawa
677,Janette MacGray,Goubétto
678,Carny Plet,Fusagasuga
679,Alyosha Fletcher,Ballinroad
680,Hillie Dulany,Saint Lucia
681,Pandora Atwel,Siteki
682,Corrina Marchiso,Mastaiciai
683,Emyle Hoys,Nganane
684,Danice Glasscott,Salvaleón de Higüey
685,Lind Hollow,Charlestown
686,Jarrid Emson,Kavieng
687,Suzanne Shirer,Eira da Pedra
688,Nicola Lemerle,Krasiczyn
689,Man Bohje,Sarzedo
690,Alisander Mavin,Zhukovskiy
691,Euphemia De Lisle,Muzambinho
692,Cathie Maylott,Igrim
693,Micaela Keattch,Mosjøen
694,Tybi Stygall,San Pedro
695,Vera Brandenberg,Shuangjing
696,Gracia Simes,Parajara
697,Emmeline Moston,Berëzovskiy
698,Timmy Cordrey,Kamienna Góra
699,Krystalle Kempstone,New Orleans
700,Cello Palser,Arhust
701,Berti Corssen,Ryazanskaya
702,Ignatius Jagiela,Abangay
703,Sollie Withinshaw,Kuasha
704,Stanislaus Hazel,Watsa
705,Symon Madgett,Tyszowce
706,Dov Popping,Kangding
707,Bessie Houston,Ciénaga de Oro
708,Cristabel Alvaro,Nangaroro
709,Onofredo Gilffillan,Indaial
710,Judie Chanders,Ternovka
711,Norina Stood,Guanyinsi
712,Lissa Jurczik,Sijing
713,Elna Gallager,Balzar
714,Laughton Willshire,Pejek
715,Claudell Bussey,Skaryszew
716,Bertrand Brindle,Al Qardāḩah
717,Willi Dorricott,El’brus
718,Sharron Mcasparan,Carapelhos
719,Timothea Domenico,Imeni Zhelyabova
720,Thaine Hutchason,Belo Oriente
721,Avis Curneen,Songbai
722,Toddy Nashe,Delgermörön
723,Yolande Gillbanks,Ciranca Satu
724,Reta Tithacott,Strawczyn
725,Reina Forestall,Melíssia
726,Lida Caldow,Guamal
727,Maria Keniwell,Bielice
728,Darsey Estevez,Zavidovo
729,Lizzie Tomek,Siocon
730,Royal Gillice,Nobo
731,Beauregard Whiting,Nukuoro
732,Meggi Skala,Fengcheng
733,Thaxter Liff,Hövsan
734,Minta Warrell,Buenos Aires
735,Roseanna Valerius,Buyun
736,Zitella Castan,Detroit
737,Neill Jurn,Szczawnica
738,Bel Acum,Yaguarón
739,Becka Millership,Colorado Springs
740,Tracy Shoutt,Beijie
741,Roslyn Miquelet,Beitai
742,Mirabelle Mairs,El Paso
743,Flore Goodhall,Yayao
744,Lukas O' Culligan,Skellefteå
745,Nathanial Zywicki,Bunisari
746,Ricky Doche,Las Trojes
747,Benoit Vanyard,Priyutovo
748,Algernon Royal,Ḩabābah
749,Glenn Middlehurst,Shangdian
750,Arleen Halgarth,Khlong Hat
751,Ferdinande Whinray,Ciputat
752,Virginie Dudman,Chojata
753,Philly Pepis,Shigutang
754,Reuben Bricklebank,Changchun
755,Monte Camamill,Haolin
756,Glenden Duffil,Saint-Quentin-en-Yvelines
757,Faythe Wanek,Anping
758,Lothario Rousby,Orhei
759,Sigfried Iczokvitz,Jaruco
760,Judd Brantzen,Mabiton
761,Carmine Bonnick,Johnson City
762,Ellwood Readwin,Oslo
763,Valeria Roulston,Kandun
764,Eda Antal,Zhabagly
765,Gusti Kennan,Trollhättan
766,Caroljean Waeland,Vilarinho das Cambas
767,Hartley Wager,Nonoichi
768,Belicia St Leger,Pittsburgh
769,Pancho Rutherfoord,Longwood
770,Jaclin Tuohy,Huangjinbu
771,Valery Stonall,Binabaan
772,Kirk Sawbridge,Summerside
773,Jeff Crofts,Camplong
774,Hermione Sysland,Magarao
775,Tomasine Linnane,Muan
776,Aleda Januszkiewicz,Hwange
777,Heath Pessler,Tsimlyansk
778,Dun Normand,Vera
779,Saunders Mimmack,Abeokuta
780,Todd Ketchen,Albuera
781,Bob Redhead,San Francisco
782,Glenna Heinrici,København
783,Jarrid Cluckie,Chesma
784,Meara Varne,Fussa
785,Nataniel Minghetti,Tsapêraī
786,Maurita Geertje,Lidoríki
787,Harper Goodnow,Kardzhin
788,Loralyn Turnbull,Bukui
789,Chelsy Slee,Hebeitun
790,Annemarie Pecha,Kruševo
791,Jule Loyndon,Messina
792,Marylynne Swanwick,Dashtobod
793,Annnora Dreye,Pontinha
794,Jeanette Rubury,Jiangdulu
795,Antonin Yuryev,Ayolas
796,Mel Krzyzanowski,Aveleda
797,Petey Medlen,Pashkovskiy
798,Nesta Di Domenico,Svirsk
799,Ericka Zukerman,Doloplazy
800,Barton Walshaw,Zouiat ech Cheïkh
801,Raven Hewlings,Permas
802,Neall Vanlint,Siparia
803,Ernestus Pennuzzi,Saint-Brieuc
804,Ulberto Soigne,Kota Kinabalu
805,Terrie Aisthorpe,Miatli
806,Jane Bunning,Peshtera
807,Liza Torrecilla,Badou
808,Casie Cush,Mpraeso
809,Stacy Stevani,Gorzyce
810,Yoshi Tille,Flandes
811,Sayer Tippler,Kinsealy-Drinan
812,Berenice Middle,Dalupaon
813,Brandy Kearle,New Orleans
814,Camala Lovell,Fort Smith
815,Cristie Rosnau,Hidalgo
816,Murdock Bettlestone,Cutral-Có
817,Blair Harrow,Yuyangguan
818,Maury Burgott,Gusang
819,Frayda Stockney,Ciulu
820,Esteban Crang,Nantes
821,Remington Waberer,Jalpatagua
822,Kiel Backen,Ulset
823,Susanna Fulton,Santo Tomas
824,Lilla Kalf,Santa Rosa
825,Wendie Speedin,Ngujung
826,Manfred Cogan,Houston
827,Milka Sherwell,Qinglung
828,Burr Barrie,Bergen
829,Morten Summons,Huzhen
830,Randie Mantripp,Aga
831,Mike Oventon,Detupia
832,Carline Roma,Iganga
833,Lilyan Edinburough,Reserva
834,Merrile Joslyn,Al Ma‘allā’
835,Ella Wrist,Huazhou
836,Wyndham Menzies,Jiufeng
837,Herby Handlin,Tres Unidos
838,Yetty McKomb,Cikawung
839,Rudolph Giorgio,Chile Chico
840,Onofredo Handke,Palkovice
841,Fancie Daish,Ede
842,Gardy Jinkinson,Lampa
843,Jorey Durrett,Paris La Défense
844,Quillan Wimbridge,Gaoqiao
845,Berty Thrift,Boevange-sur-Attert
846,Gertrudis Brookhouse,Abiko
847,Baillie Wolpert,Jinluo
848,Arnuad Absolom,Aix-en-Provence
849,Ives Dorie,Puerto Cabezas
850,Elvina Hufton,Suez
851,Reynolds Alwen,Trzciana
852,Margareta Bullin,Sidomukti
853,Mira Killingworth,Dobřany
854,Jobey Briddle,Fort Erie
855,Pall Rosevear,Blagnac
856,Ferdy Faircliffe,Langarūd
857,Cammie Abrashkin,Telangi Satu
858,Ann-marie Sarney,Sasolburg
859,Murdock Edger,Lucé
860,Morgen Arnett,Siao
861,Floris Poolman,Babat
862,Vail Medendorp,Quanshang
863,Kermie Robecon,Bangkle
864,Zared Van Schafflaer,Lunao
865,Minerva Trembey,Dębica
866,Sauveur Gasquoine,Nong Khai
867,Emelda Stansbury,Lisičani
868,Lorrin Ellerbeck,Ruma
869,Helga Driscoll,Fujiayan
870,Zak Hindshaw,Geji
871,Roda Bozworth,Essen
872,Kim Gainseford,Makiyivka
873,Vin Tutt,Sandviken
874,Bari Conti,Molde
875,Coral Unger,Jāti
876,Jermayne Bickford,Suklayin
877,Guglielmo Treleven,Bago City
878,Jammal MacPhaden,Niort
879,Libbie Kezor,Shurugwi
880,Brynn Goodbairn,Xinpu
881,Iorgo Rosas,Bugcaon
882,Alasdair Paunsford,Kočevje
883,Alix Exley,Babagan
884,Miriam Lorentzen,Gucheng
885,Natalina Chudleigh,‘Afula ‘Illit
886,Meredithe Meagh,Sunchales
887,Redford MacMaster,Gufeng
888,Elaina Suett,Xiatang
889,Virgie Skirlin,Svetlyy
890,Gonzales Mityashin,San Andrés
891,Blair Ferne,Longshe
892,Ann McCrorie,Garden Grove
893,Eveline MacKeague,Yingpu
894,Florry Gainforth,Fuxing
895,Paule Peakman,Villa Dolores
896,Justinn Karlicek,Nanhuatang
897,Jewelle Amos,Zhanghekou
898,Heloise Oller,Ameixoeira
899,Theda Bratt,Trondheim
900,Augusto Chewter,Huarong
901,Abbey Dando,Capão da Canoa
902,Maxie Float,Danané
903,Annadiana Skurm,Hongqiao
904,Cortney Ruffler,Maracanã
905,Philipa O'Rodane,Santa Lucía
906,Monte Farrear,Zmiennica
907,Nicki Ciepluch,Nytva
908,Lemmie Chason,Mutatá
909,Mick Emanulsson,Túquerres
910,Cosette Leah,Santa Bárbara
911,Gayle Dannehl,Malasin
912,Matthieu Hindmoor,Tamatam
913,Kaye Agett,Lahar
914,Ange Hadwick,Chachagüí
915,Shannah Cheater,Murganhal
916,Cecelia Cushion,Puji
917,Kelly Joust,Sigou
918,Onida Boddington,Tene
919,Lauryn Aizikowitz,Gomunice
920,Erich Morsom,Pāshmūl
921,Annnora Glastonbury,Merlo
922,Isak Gilchrist,Beizhuang
923,Halli Glennie,Huangtudian
924,Vin Cake,Schellenberg
925,Barbabra McClenan,Pochinok
926,Gratiana Dunleavy,Ramat Gan
927,Ediva Tomlin,Yedun
928,Jeramie Jakubiak,Luoxi
929,Quinlan Scammell,Itako
930,Borden Cradey,Atabayan
931,Bryn Sidney,Concepción de La Vega
932,Kin Shoemark,Hetai
933,Geri Cleaver,Bohorodchany
934,Mercedes Kender,Sundbyberg
935,Alvin Deery,Novoshakhtinskiy
936,Hobey Legonidec,Hengli
937,Britt Dollman,Messina
938,Shaw Puckey,Varennes
939,Emelen Cancutt,Växjö
940,Tait Otridge,Jiaocheng
941,Bamby Donhardt,Bordeaux
942,Shae Wenman,Moncada
943,Fara Monni,Baleber
944,Joelly Callingham,Swinford
945,Janeen Savaage,Enskededalen
946,Bev Ongin,Zhenhai
947,Clayborn Medhurst,Qiaozi
948,Felecia Eskriet,Metlika
949,Debra Ovesen,Mananjary
950,Becka Chason,Nancheng
951,Lukas Cassley,Mondoteko
952,Jarad Aveyard,Pejek
953,Kenon Lum,Urazovo
954,Thorin O'Hearn,Bitica
955,Kordula Lebreton,Kayakent
956,Betty MacGorley,Halmstad
957,Berke Sainteau,Ust’-Koksa
958,Clywd Cunnah,Dulyapino
959,Jerry Benettolo,Árta
960,Mortie Gannicott,Yajiwa
961,Prudence Laidel,Luo’ao
962,Mamie Stife,Morales
963,Kikelia Hunnam,Guaitarilla
964,Jamesy Renneke,Ludishan
965,Codie Elsey,Sovetskaya Gavan’
966,Ferrell Cregeen,Gabi
967,Bess Carrivick,Maroua
968,Eliza Ruppel,Pangkalan
969,Maybelle D'Ambrosi,Baume-les-Dames
970,Rudy Rockwill,Aibura
971,Lesley Farrall,Miastków Kościelny
972,Stan Stansall,Navashino
973,Krystyna Raxworthy,Överkalix
974,Marley Montfort,Embarcación
975,Thorpe Swindall,Shuangzhu
976,Virgie Mannie,Itararé
977,Lem Irnis,Landivisiau
978,Rice Cotelard,Berlin
979,Verine Beckingham,Yanshan
980,Lucretia de Chastelain,Jingyang
981,Ring Sandham,Cibolek Kidul
982,Lynnette Sallows,Maydolong
983,Marketa Savile,Houston
984,Jennette O'Downe,Cipeucang
985,Koren Adderson,Malartic
986,Linell Halgarth,Ji’an
987,Gabriele Czyz,Benhong
988,Cordelie Stutte,Logroño
989,Keary Skatcher,Zhangbagou
990,Omar Kuhne,Kemlya
991,Mariam Garralts,Riverton
992,Marin Lipman,Mpigi
993,Lucais Winks,Melaka
994,Caye Hargraves,Ţafas
995,Camilla Rillett,Tamansari
996,Oberon Travers,Sipoholon
997,Eldredge MacTerrelly,Liaoyang
998,Cecilia Micah,Vandœuvre-lès-Nancy
999,Irena Durnell,Namīn
1000,Reta Cagan,Boluo
